{"02":[[3.114239129600149,101.6622448773094],[3.114438428086339,101.6622755441125],[3.114500068689531,101.662385023238],[3.114506217490928,101.6624898989561],[3.11461,101.6625],[3.11476,101.66249],[3.11484,101.66249],[3.11491,101.66249],[3.11508,101.66248],[3.11525,101.66247],[3.11541,101.66246],[3.11617325181486,101.6623939472005],[3.116874620380006,101.6625628557886],[3.117398032354128,101.6628897865564],[3.117717810305511,101.6631467185608],[3.11818676652176,101.6634595339511],[3.118433970706153,101.6637573059655],[3.118575503203889,101.6640014693821],[3.118587809523213,101.6642906145157],[3.118500723258407,101.6648226458019],[3.118366279765048,101.6653778459792],[3.117800108071961,101.6653568553561],[3.117778335221776,101.6647807785866],[3.117658613491857,101.664129538952],[3.117572892365143,101.6637996904407],[3.11730188453714,101.6634374593678],[3.117022900969143,101.6631861710126],[3.116691684417936,101.6629224350366],[3.116300584609316,101.6627418587583],[3.116040568019546,101.6626744762644],[3.115768966725608,101.6626597303974],[3.115562694858975,101.6627592042658],[3.1154,101.66295],[3.115335213842324,101.6634696863332],[3.1152,101.66442],[3.11516,101.66457],[3.115117059546805,101.6649467797641],[3.115069020944777,101.6653982738667],[3.115028205493594,101.6657787762349],[3.11498764420769,101.666326276098],[3.11496,101.66692],[3.11495,101.66729],[3.11488,101.66904],[3.11487,101.66924],[3.11486,101.66952],[3.11483,101.67018],[3.114859835229134,101.6709353133351],[3.115029582657162,101.6729561776901],[3.115189359402303,101.674253707876],[3.11537936888352,101.6755070238896],[3.115686119134034,101.6767355027481],[3.115988259219468,101.6777485126798],[3.116421625024058,101.6781290690299],[3.117002677209062,101.6785594072158],[3.117566675571902,101.6787943229493],[3.11805452815319,101.678775850761],[3.119217618372015,101.6785419473508],[3.119499999999999,101.67804],[3.11956,101.67786],[3.11966,101.67766],[3.119800000000001,101.67742]],"01":[[3.119800000000001,101.67742],[3.120039999999999,101.67701],[3.120144703659673,101.6767412827868],[3.120169570091034,101.6765253179093],[3.12004667725633,101.6762647833563],[3.119853902261003,101.6759327586415],[3.119619395188004,101.6756136313381],[3.119384274117783,101.675436036759],[3.119012633388625,101.6752684810594],[3.118624949805723,101.6751388472423],[3.11825335496396,101.6750956345699],[3.117870789795255,101.6750655380945],[3.11704799673237,101.6751682826899],[3.116127783024075,101.6752988766987],[3.11548475837607,101.6753761838414],[3.11491557535349,101.6753554864216],[3.114602986813864,101.6752710924845],[3.114443156144722,101.6751577985211],[3.114274851818967,101.6749979160771],[3.11415702500098,101.6748033124449],[3.114095860905028,101.674601927076],[3.114108224932291,101.6742948017444],[3.114194567559938,101.673773585287],[3.114351457773322,101.6728566717497],[3.114453975016248,101.6718038324044],[3.114610465024433,101.6704399399505],[3.114670266628455,101.6694751531941],[3.114744278179077,101.6678090534962],[3.114825765475664,101.6662098226954],[3.114792709455238,101.6648560019619],[3.114759893547806,101.6633331688415],[3.114739993298401,101.6630007837054],[3.114607705026335,101.6628332315736],[3.114318690801364,101.6626724183987],[3.11401,101.66257],[3.11389,101.66254],[3.1138,101.66253],[3.11356,101.66249],[3.11325,101.66244],[3.112920204609254,101.6624233075251],[3.112622909151179,101.662957588352],[3.11226320351131,101.6635392431],[3.111913026089487,101.663323619766],[3.111550958542603,101.6629875135075],[3.111351754736552,101.6627301234749],[3.111268183638351,101.6626353137437],[3.111476482436113,101.6624591234867],[3.11169,101.66234],[3.11179,101.6623],[3.11189,101.66227],[3.11195,101.66225],[3.112010000000001,101.66223],[3.11209,101.66222],[3.11213,101.66221],[3.11218,101.66221],[3.11219,101.66221],[3.11247,101.66222],[3.11326,101.66234],[3.11365,101.66239],[3.11379,101.66241],[3.11383,101.66241],[3.11392,101.66242],[3.11393,101.66242],[3.114168230809495,101.6622628827465]]}
